<zimlet name="com_zimbra_email_plus" version="2.0" target="main view-window" description="Email - Highlights, previews associated contact for an email address">
	<include>email.js</include>
	<include>base64.js</include>
	<handlerObject>Com_Zimbra_Email</handlerObject>
	<contentObject type="email">
		<matchOn>
			<regex attrs="ig">\b(mailto:[ ]*)?([0-9a-zA-Z]+[.&amp;#!$%'*+-/=?^_`{}|~])*[0-9a-zA-Z]+@([-0-9a-zA-Z]+[.])+[a-zA-Z]{2,6}([\w/_\.]*(\?\S+)?)\b</regex>
		</matchOn>
		<contextMenu>
			<menuItem label="${msg.search}" icon="Search" id="SEARCH"/>
			<menuItem label="${msg.advancedSearch}" icon="NewContact" id="SEARCHBUILDER"/>
			<menuItem label="${msg.newEmail}" icon="NewMessage" id="NEWEMAIL"/>
			<menuItem label="SCS Call" icon="Telephone" id="CALL"/>
			<menuItem label="Check presence" icon="ImAvailable" id="PRESENCE"/>
            <menuItem label="${msg.newIM}" icon="ImAvailable" id="NEWIM"/>
			<menuItem label="${msg.newContact}" icon="Edit" id="NEWCONTACT"/>
			<menuItem label="${msg.addToFilter}" icon="AddFilter" id="ADDTOFILTER"/>
			<menuItem label="${msg.goToUrl}" icon="URL" id="GOTOURL"/>
		</contextMenu>
	</contentObject>
</zimlet>
