<zimlet name="com_zimbra_scs" version="1.0" description="SCS Zimbra Integration">
  <include>scs.js</include>
  <include>base64.js</include>
  <includeCSS>scs.css</includeCSS>
  <handlerObject>com_zimbra_scs</handlerObject>

 <userProperties>
   <property type="string" name="scs_user" value=""/>
   <property type="string" name="scs_password" value=""/>
   <property type="string" name="scs_server" value=""/>
   <property type="string" name="prefix_remove" value=""/>
   <property type="string" name="prefix_add" value=""/>
   <property type="string" name="scs_port" value="6666"/>
   <property type="string" name="presence_port" value="9094"/>
   <property type="boolean" name="scs_sslenabled" value=""/>
  </userProperties>
	
	<contentObject type="phone">
	<matchOn>
           <regex attrs="g">(\+\d{2}[-\. ]\d{5}[-\. ]?\d{5})|(((\d{1}[-. ])?(\(?\d{3}\)?[-. ])?)?\d{3}[-.]\d{4})|(\(\d{3}\)[-\. ]?\d{7}((x|ext)[-#: ]?\d{1,5}){0,1}) | </regex>
	</matchOn>
	<contextMenu>
		<menuItem label="Search" icon="Search" id="SEARCH"/>
		<menuItem label="Add as contact" icon="NewContact" id="ADDCONTACT"/>
		<menuItem label="SCS call" icon="Telephone" id="CALL"/>
		<menuItem label="Check presence" icon="ImAvailable" id="PRESENCE"/>
	</contextMenu>
	</contentObject>

  <zimletPanelItem label="UC" icon="SCS-panelIcon">
    <toolTipText>Click to Call and Presence</toolTipText>
    <dragSource type="ZmContact" />
    <dragSource type="ZmMailMsg" />
    <dragSource type="ZmAppt" />    
    <dragSource type="ZmConv" />

	<contextMenu>
		<menuItem label="SCS account Preferences" id="scs_preferences" />
	</contextMenu>

  </zimletPanelItem>
</zimlet>
